id,company_name,job_title,job_href,location,currency,starting_salary,max_salary,scrape_time
1,eJam,Full Stack Developer,https://himalayas.app/companies/ejam/jobs/full-stack-developer,AR,USD,24000,36000,2024-04-24 13:46:39.835773
2,Storable,Global Payroll & Tax Manager,https://himalayas.app/companies/storable/jobs/global-payroll-tax-manager-9222876330,US,USD,85000,110000,2024-04-24 13:46:39.835773
3,dentsu international,Promotions Quality Assurance Analyst,https://himalayas.app/companies/dentsu-international/jobs/promotions-quality-assurance-analyst,US,USD,59000,96000,2024-04-24 13:46:39.835773
4,John K Estate & Co,"Sales Executive, EMA, Rentals",https://himalayas.app/companies/john-k-estate-co/jobs/sales-executive-ema-rentals,US,USD,71000,71000,2024-04-24 13:46:39.835773
5,Campus Ink,NIL Store Student Social Ambassador,https://himalayas.app/companies/campus-ink/jobs/nil-store-student-social-ambassador,US,USD,3000,3000,2024-04-24 13:46:39.835773
6,Life360,Revenue Accountant,https://himalayas.app/companies/life360/jobs/revenue-accountant,US,USD,95000,105000,2024-04-24 13:46:39.835773
7,ICAST,Executive Assistant,https://himalayas.app/companies/icast/jobs/executive-assistant-7720984595,US,USD,30000,50000,2024-04-24 13:46:39.835773
8,hackerone.com,Senior Corporate Events Manager,https://himalayas.app/companies/hackerone-com/jobs/senior-corporate-events-manager,US,USD,150000,150000,2024-04-24 13:46:39.835773
9,Sibylline Ltd,Embedded Process Integrity Compliance Analyst,https://himalayas.app/companies/sibylline-ltd/jobs/embedded-process-integrity-compliance-analyst-6609111191,US,USD,85000,95000,2024-04-24 13:46:39.835773
10,HealthMark Group,Regional Sales Director,https://himalayas.app/companies/healthmark-group/jobs/regional-sales-director,US,USD,75000,150000,2024-04-24 13:46:39.835773
11,Catchpoint,Sales Development Representative,https://himalayas.app/companies/catchpoint/jobs/sales-development-representative-1209535134,US,USD,75000,75000,2024-04-24 13:46:39.835773
12,Nutrafol,"Senior Director, Marketing Insights & Analytics",https://himalayas.app/companies/nutrafol/jobs/senior-director-marketing-insights-analytics,US,USD,215000,215000,2024-04-24 13:46:39.835773
13,Chapter,Medicare Advisor- Remote/ Orlando,https://himalayas.app/companies/chapter/jobs/medicare-advisor-remote-orlando-7802555487,US,USD,52000,140000,2024-04-24 13:46:39.835773
14,Chapter,Medicare Advisor- Remote/ Chicago,https://himalayas.app/companies/chapter/jobs/medicare-advisor-remote-chicago-1331605331,US,USD,52000,140000,2024-04-24 13:46:39.835773
15,FirstBank,Personal Banking Rep,https://himalayas.app/companies/firstbank/jobs/personal-banking-rep-7568663320,US,USD,40000,42000,2024-04-24 13:46:39.835773
16,Zeta Global,Senior Account Manager - Programmatic,https://himalayas.app/companies/zeta-global/jobs/senior-account-manager-programmatic-9007678775,US,USD,70000,90000,2024-04-24 13:46:39.835773
17,Sisense,Solution Consultant,https://himalayas.app/companies/sisense/jobs/solution-consultant,US,USD,130000,150000,2024-04-24 13:46:39.835773
18,Huntress,Principal Web Developer,https://himalayas.app/companies/huntress/jobs/principal-web-developer-1752122437,US,USD,180000,195000,2024-04-24 13:46:39.835773
19,Guardian,"Processing & Policyholder Services Support Associate III - Bethlehem, PA or Pitt",https://himalayas.app/companies/guardian/jobs/processing-policyholder-services-support-associate-iii-bethlehem-pa-or-pitt,DZ,USD,41000,62000,2024-04-24 13:46:39.835773
20,Seradata,Senior Data Engineer - Platform,https://himalayas.app/companies/seradata/jobs/senior-data-engineer-platform,US,USD,155000,190000,2024-04-24 13:46:39.835773
21,Pawlicy Advisor,Administrative Assistant - Insurtech,https://himalayas.app/companies/pawlicy-advisor/jobs/administrative-assistant-insurtech-2544812523,US,USD,60000,80000,2024-04-24 13:46:39.835773
22,Fender,"Supervisor, Warehouse",https://himalayas.app/companies/fender/jobs/supervisor-warehouse,US,USD,75000,87000,2024-04-24 13:46:39.835773
23,Habitat Learn Inc,Senior Desktop Engineer,https://himalayas.app/companies/habitat-learn-inc/jobs/senior-desktop-engineer,GB,GBP,50000,60000,2024-04-24 13:46:39.835773
24,John K Estate & Co,"Business Advisor, EMA, Rentals",https://himalayas.app/companies/john-k-estate-co/jobs/business-advisor-ema-rentals,US,USD,83000,83000,2024-04-24 13:46:39.835773
25,Ocean Outcomes,Taiwan Fishery Improvement Coordinator,https://himalayas.app/companies/ocean-outcomes/jobs/taiwan-fishery-improvement-coordinator,TW,USD,39000,50000,2024-04-24 13:46:39.835773
26,runZero,"Mid-Market Account Executive, Central",https://himalayas.app/companies/runzero/jobs/mid-market-account-executive-central,US,USD,180000,180000,2024-04-24 13:46:39.835773
27,Redpanda Data,"Commercial Account Executive (Phoenix, US)",https://himalayas.app/companies/redpanda-data/jobs/commercial-account-executive-phoenix-us-5708700196,US,USD,75000,75000,2024-04-24 13:46:39.835773
28,Perficient,Data Analyst with Swagger/API exp - REMOTE,https://himalayas.app/companies/perficient/jobs/data-analyst-with-swagger-api-exp-remote,US,USD,46000,102000,2024-04-24 13:46:39.835773
29,UL Solutions,"Sales Executive, Advisory",https://himalayas.app/companies/ul-solutions/jobs/sales-executive-advisory,US,USD,65000,149000,2024-04-24 13:46:39.835773
30,Lilli,Graphic Designer,https://himalayas.app/companies/lilli/jobs/graphic-designer-2672920728,GB,GBP,27000,30000,2024-04-24 13:46:39.835773
31,runZero,"Solutions Engineer, EMEA",https://himalayas.app/companies/runzero/jobs/solutions-engineer-emea,US,USD,250000,250000,2024-04-24 13:46:39.835773
32,Storable,Sr Benefits Specialist,https://himalayas.app/companies/storable/jobs/sr-benefits-specialist-6694493140,US,USD,70000,90000,2024-04-24 13:46:39.835773
33,Storable,Sr Client Success Manager,https://himalayas.app/companies/storable/jobs/sr-client-success-manager-9102822999,US,USD,80000,116000,2024-04-24 13:46:39.835773
34,Twinkl,Segment Manager (Primary) - Ireland (Teacher),https://himalayas.app/companies/twinkl/jobs/segment-manager-primary-ireland-teacher-254836340,IE,EUR,34000,34000,2024-04-24 13:46:39.835773
35,Perficient,Salesforce Engagement Director - Remote,https://himalayas.app/companies/perficient/jobs/salesforce-engagement-director-remote,US,USD,104000,210000,2024-04-24 13:46:39.835773
36,ICAST,Administrative Assistant,https://himalayas.app/companies/icast/jobs/administrative-assistant,US,USD,30000,50000,2024-04-24 13:46:39.835773
37,All Voting is Local,Legal Intern - Fall 2024,https://himalayas.app/companies/all-voting-is-local/jobs/legal-intern-fall-2024,US,USD,4000,4000,2024-04-24 13:46:39.835773
38,Enhabit Home Health & Hospice,Reimbursement Coordinator - Medicare Billing & Collections,https://himalayas.app/companies/enhabit-home-health-hospice/jobs/reimbursement-coordinator-medicare-billing-collections,US,USD,40000,40000,2024-04-24 13:46:39.835773
39,John K Estate & Co,"Director, Revenue Operations",https://himalayas.app/companies/john-k-estate-co/jobs/director-revenue-operations,US,USD,180000,288000,2024-04-24 13:46:39.835773
40,"ThousandEyes, Inc.",Internet Measurement Researcher,https://himalayas.app/companies/thousandeyes-inc/jobs/internet-measurement-researcher-5293035749,US,USD,147000,231000,2024-04-24 13:46:39.835773
41,Visual Concepts,"Dev QA, WWE 2K",https://himalayas.app/companies/visual-concepts/jobs/dev-qa-wwe-2k,US,USD,60000,76000,2024-04-24 13:46:39.835773
42,Upstart,Operations Associate (Contractor),https://himalayas.app/companies/upstart/jobs/operations-associate-contractor,US,USD,39000,52000,2024-04-24 13:46:39.835773
43,Storable,Sr Benefits Specialist,https://himalayas.app/companies/storable/jobs/sr-benefits-specialist-6111164180,US,USD,70000,90000,2024-04-24 13:46:39.835773
44,Grammarly,"Software Engineer, macOS",https://himalayas.app/companies/grammarly/jobs/software-engineer-macos,AI,USD,148000,231000,2024-04-24 13:46:39.835773
45,John K Estate & Co,"Senior Accountant, Corporate",https://himalayas.app/companies/john-k-estate-co/jobs/senior-accountant-corporate,US,USD,74000,118000,2024-04-24 13:46:39.835773
46,"EBSCO Industries, Inc.","Regional Sales Manager, Coporate - Los Angeles/Ventura County",https://himalayas.app/companies/ebsco-industries-inc/jobs/regional-sales-manager-coporate-los-angeles-ventura-county,US,USD,109000,156000,2024-04-24 13:46:39.835773
47,"EBSCO Industries, Inc.","Regional Sales Manager, Corporate - Detroit, MI",https://himalayas.app/companies/ebsco-industries-inc/jobs/regional-sales-manager-corporate-detroit-mi,US,USD,109000,156000,2024-04-24 13:46:39.835773
48,Foursquare,Senior Software Engineer - Location Platform | Data Backend,https://himalayas.app/companies/foursquare/jobs/senior-software-engineer-location-platform-data-backend-5043939487,US,USD,124000,204000,2024-04-24 13:46:39.835773
49,GlobalFoundries,Global Supply Chain Lead - Software Procurement,https://himalayas.app/companies/globalfoundries/jobs/global-supply-chain-lead-software-procurement,US,USD,141000,240000,2024-04-24 13:46:39.835773
50,Flex,Software Engineer (7267390),https://himalayas.app/companies/flex/jobs/software-engineer-7267390,US,USD,195000,213000,2024-04-24 13:46:39.835773
51,United Nations Foundation,"Intern, Digital Content and Media",https://himalayas.app/companies/united-nations-foundation/jobs/intern-digital-content-and-media,US,USD,34000,40000,2024-04-24 13:46:39.835773
52,Perficient,Data Analyst with MDM experience - REMOTE,https://himalayas.app/companies/perficient/jobs/data-analyst-with-mdm-experience-remote,US,USD,46000,102000,2024-04-24 13:46:39.835773
53,350.org,Executive Director,https://himalayas.app/companies/350-org/jobs/executive-director,DZ,USD,150000,200000,2024-04-24 13:46:39.835773
54,Typescouts,Executive Assistant and Operations,https://himalayas.app/companies/typescouts/jobs/executive-assistant-and-operations,PH,USD,22000,22000,2024-04-24 13:46:39.835773
55,Atomwise,"Staff Engineer, Infrastructure",https://himalayas.app/companies/atomwise/jobs/staff-engineer-infrastructure,US,USD,145000,183000,2024-04-24 13:46:39.835773
56,Restaurant365,"Account Executive, Payroll Commercial",https://himalayas.app/companies/restaurant365/jobs/account-executive-payroll-commercial,US,USD,90000,90000,2024-04-24 13:46:39.835773
57,Hazel Health,Remote School Based Therapist (FL License) - Part Time Evenings,https://himalayas.app/companies/hazel-health/jobs/remote-school-based-therapist-fl-license-part-time-evenings,US,USD,110000,110000,2024-04-24 13:46:39.835773
58,Trupanion,"Québec Sales Manager, Bilingual",https://himalayas.app/companies/trupanion/jobs/quebec-sales-manager-bilingual,CA,USD,85000,85000,2024-04-24 13:46:39.835773
59,Providence,Manager Billing and Collections *Remote*,https://himalayas.app/companies/providence/jobs/manager-billing-and-collections-remote,US,USD,36000,82000,2024-04-24 13:46:39.835773
60,Hazel Health,Remote School Based Therapist (CA License) - 30 hour work week/Summers Off,https://himalayas.app/companies/hazel-health/jobs/remote-school-based-therapist-ca-license-30-hour-work-week-summers-off,US,USD,53000,59000,2024-04-24 13:46:39.835773
61,Welbe Health,Coding Auditor & Educator,https://himalayas.app/companies/welbe-health/jobs/coding-auditor-educator,US,USD,68000,81000,2024-04-24 13:46:39.835773
62,ARMStrong Receivable Management,Premium Auditors (Must Have Premium Auditor Experience),https://himalayas.app/companies/armstrong-receivable-management/jobs/premium-auditors-must-have-premium-auditor-experience,US,USD,45000,55000,2024-04-24 13:46:39.835773
63,Fender,Cost Accountant,https://himalayas.app/companies/fender/jobs/cost-accountant,US,USD,41000,82000,2024-04-24 13:46:39.835773
64,runZero,"Mid-Market Account Manager, EMEA",https://himalayas.app/companies/runzero/jobs/mid-market-account-manager-emea,US,USD,170000,170000,2024-04-24 13:46:39.835773
65,FirstBank,Java Developer Analyst,https://himalayas.app/companies/firstbank/jobs/java-developer-analyst,US,USD,100000,130000,2024-04-24 13:46:39.835773
66,"Burwood Group, Inc",Associate Cloud Consultant,https://himalayas.app/companies/burwood-group-inc/jobs/associate-cloud-consultant,US,USD,100000,135000,2024-04-24 13:46:39.835773
67,Torc Robotics,Director of Information Technology,https://himalayas.app/companies/torc-robotics/jobs/director-of-information-technology,US,USD,177000,213000,2024-04-24 13:46:39.835773
68,Allergan Data Labs,Product Marketing Manager,https://himalayas.app/companies/allergan-data-labs/jobs/product-marketing-manager-8703959936,US,USD,182000,182000,2024-04-24 13:46:39.835773
69,Genesys,UX Design Program Manager,https://himalayas.app/companies/genesys/jobs/ux-design-program-manager,US,USD,127000,249000,2024-04-24 13:46:39.835773
70,Zitara,"User-interface, user-experience (UI/UX) designer",https://himalayas.app/companies/zitara/jobs/user-interface-user-experience-ui-ux-designer,US,USD,120000,150000,2024-04-24 13:46:39.835773
71,Storable,Sr Client Success Manager,https://himalayas.app/companies/storable/jobs/sr-client-success-manager-5887115150,US,USD,80000,116000,2024-04-24 13:46:39.835773
72,Owner.com,Associate Restaurant Success Manager - Latin America,https://himalayas.app/companies/owner-com/jobs/associate-restaurant-success-manager-latin-america,AI,USD,30000,35000,2024-04-24 13:46:39.835773
73,John K Estate & Co,"Accountant, Revenue",https://himalayas.app/companies/john-k-estate-co/jobs/accountant-revenue,US,USD,62000,100000,2024-04-24 13:46:39.835773
74,Storable,Assistant Account Manager,https://himalayas.app/companies/storable/jobs/assistant-account-manager-639866006,US,USD,40000,52000,2024-04-24 13:46:39.835773
75,Storable,Vice President of Client Success,https://himalayas.app/companies/storable/jobs/vice-president-of-client-success-5096592824,US,USD,198000,261000,2024-04-24 13:46:39.835773
76,Pathward,"Director, Product Management",https://himalayas.app/companies/pathward/jobs/director-product-management,US,USD,100000,184000,2024-04-24 13:46:39.835773
77,VSP Vision,Business Analyst,https://himalayas.app/companies/vsp-vision/jobs/business-analyst,CA,USD,51000,86000,2024-04-24 13:46:39.835773
78,HopSkipDrive,Demand Planner,https://himalayas.app/companies/hopskipdrive/jobs/demand-planner-1924268616,US,USD,90000,100000,2024-04-24 13:46:39.835773
79,InMobi,"Sr. Product Manager, Exchange",https://himalayas.app/companies/inmobi/jobs/sr-product-manager-exchange,US,USD,202000,288000,2024-04-24 13:46:39.835773
80,"EBSCO Industries, Inc.","Regional Sales Manager, Corporate - Atlanta, GA",https://himalayas.app/companies/ebsco-industries-inc/jobs/regional-sales-manager-corporate-atlanta-ga,US,USD,109000,156000,2024-04-24 13:46:39.835773
81,Cotiviti,Technical Product Owner,https://himalayas.app/companies/cotiviti/jobs/technical-product-owner,US,USD,90000,127000,2024-04-24 13:46:39.835773
82,ServiceMaster,Business Development Consultant,https://himalayas.app/companies/servicemaster/jobs/business-development-consultant-3393101733,US,USD,85000,105000,2024-04-24 13:46:39.835773
83,SLP-Tele,Remote - Speech Language Pathologist - SLP,https://himalayas.app/companies/slp-tele/jobs/remote-speech-language-pathologist-slp-1446290544,US,USD,112000,112000,2024-04-24 13:46:39.835773
84,CoreWeave,Workplace Safety Officer,https://himalayas.app/companies/coreweave/jobs/workplace-safety-officer,US,USD,110000,145000,2024-04-24 13:46:39.835773
85,Latitude,Drupal Developer,https://himalayas.app/companies/latitude/jobs/drupal-developer,US,USD,70000,80000,2024-04-24 13:46:39.835773
86,Waymark,"Business Development, Analyst",https://himalayas.app/companies/waymark/jobs/business-development-analyst,US,USD,119000,185000,2024-04-24 13:46:39.835773
87,TriNetX,Business Development Representative,https://himalayas.app/companies/trinetx/jobs/business-development-representative,US,USD,60000,70000,2024-04-24 13:46:39.835773
88,Universal Tennis,Tennis Operations Specialist,https://himalayas.app/companies/universal-tennis/jobs/tennis-operations-specialist,US,USD,40000,60000,2024-04-24 13:46:39.835773
89,"EBSCO Industries, Inc.","Regional Sales Manager, Corporate - New York",https://himalayas.app/companies/ebsco-industries-inc/jobs/regional-sales-manager-corporate-new-york,US,USD,109000,156000,2024-04-24 13:46:39.835773
90,ManTech,Mission Support - Technical Intern,https://himalayas.app/companies/mantech/jobs/mission-support-technical-intern,US,USD,33000,54000,2024-04-24 13:46:39.835773
91,Gemini,"Software Engineer, Compliance",https://himalayas.app/companies/gemini/jobs/software-engineer-compliance,US,USD,120000,150000,2024-04-24 13:46:39.835773
92,Natera,"Medical Science Liaison, Oncology (Midwest)",https://himalayas.app/companies/natera/jobs/medical-science-liaison-oncology-midwest-4405272324,US,USD,163000,163000,2024-04-24 13:46:39.835773
93,WeDiscover,Cybersecurity Engineer (Remote Access),https://himalayas.app/companies/wediscover/jobs/cybersecurity-engineer-remote-access,US,USD,87000,146000,2024-04-24 13:46:39.835773
94,John K Estate & Co,Senior Applications Developer,https://himalayas.app/companies/john-k-estate-co/jobs/senior-applications-developer,US,USD,156000,250000,2024-04-24 13:46:39.835773
95,John K Estate & Co,Mortgage Loan Underwriter,https://himalayas.app/companies/john-k-estate-co/jobs/mortgage-loan-underwriter,US,USD,133000,133000,2024-04-24 13:46:39.835773
96,Humana,Actuary,https://himalayas.app/companies/humana/jobs/actuary,US,USD,127000,175000,2024-04-24 13:46:39.835773
97,Genesys,Sr. Labor & Employment Counsel,https://himalayas.app/companies/genesys/jobs/sr-labor-employment-counsel,US,USD,157000,309000,2024-04-24 13:46:39.835773
98,Bloomreach,Engineering Manager for Web Experience team,https://himalayas.app/companies/bloomreach/jobs/engineering-manager-for-web-experience-team,CZ,EUR,48000,48000,2024-04-24 13:46:39.835773
99,BigID,Analyst Relations Manager,https://himalayas.app/companies/bigid/jobs/analyst-relations-manager,US,USD,115000,135000,2024-04-24 13:46:39.835773
100,Mission Healthcare,Scheduling Coordinator (Weekends),https://himalayas.app/companies/mission-healthcare/jobs/scheduling-coordinator-weekends-6781276425,US,USD,50000,50000,2024-04-24 13:46:39.835773
101,Pinwheel,Marketing Specialist,https://himalayas.app/companies/pinwheel/jobs/marketing-specialist,US,USD,60000,85000,2024-04-24 13:46:39.835773
102,Abt Global,Senior Program Manager – Healthcare Portfolio (Remote Flexibility),https://himalayas.app/companies/abt-global/jobs/senior-program-manager-healthcare-portfolio-remote-flexibility,US,USD,121000,222000,2024-04-24 13:46:39.835773
103,The Matian Firm,Remote U-Visa Paralegal,https://himalayas.app/companies/the-matian-firm/jobs/remote-u-visa-paralegal,US,USD,22000,22000,2024-04-24 13:46:39.835773
104,Natera,"Associate Medical Director, GI Oncology Southeast",https://himalayas.app/companies/natera/jobs/associate-medical-director-gi-oncology-southeast-3371235596,US,USD,214000,214000,2024-04-24 13:46:39.835773
105,JobRack,MB Law Firm Consulting LLC - Operations Lead,https://himalayas.app/companies/jobrack/jobs/mb-law-firm-consulting-llc-operations-lead,US,USD,22000,22000,2024-04-24 13:46:39.835773
106,Energy Solutions,Research and Analysis Manager (Remote - US),https://himalayas.app/companies/energy-solutions/jobs/research-and-analysis-manager-remote-us,US,USD,75000,90000,2024-04-24 13:46:39.835773
107,Latitude,Jr. ServiceNow Developer (Mostly Remote),https://himalayas.app/companies/latitude/jobs/jr-servicenow-developer-mostly-remote,US,USD,80000,90000,2024-04-24 13:46:39.835773
108,ManTech,Senior Automation Engineer,https://himalayas.app/companies/mantech/jobs/senior-automation-engineer,US,USD,141000,234000,2024-04-24 13:46:39.835773
109,Hazel Health,Remote School Based Therapist (CO License) - 30 hour work week/Summers Off,https://himalayas.app/companies/hazel-health/jobs/remote-school-based-therapist-co-license-30-hour-work-week-summers-off,US,USD,43000,49000,2024-04-24 13:46:39.835773
110,Pinwheel,Senior Full Stack Engineer,https://himalayas.app/companies/pinwheel/jobs/senior-full-stack-engineer,US,USD,144000,185000,2024-04-24 13:46:39.835773
111,JobRack,Donorly - Head of Operations,https://himalayas.app/companies/jobrack/jobs/donorly-head-of-operations,RO,USD,42000,48000,2024-04-24 13:46:39.835773
112,VSP Vision,Account Executive - New York,https://himalayas.app/companies/vsp-vision/jobs/account-executive-new-york,US,USD,48000,77000,2024-04-24 13:46:39.835773
113,Penumbra,"Vascular Clinical Specialist (Minneapolis, MN)",https://himalayas.app/companies/penumbra/jobs/vascular-clinical-specialist-minneapolis-mn,US,USD,70000,115000,2024-04-24 13:46:39.835773
114,Storable,Sr Client Success Manager,https://himalayas.app/companies/storable/jobs/sr-client-success-manager,US,USD,80000,116000,2024-04-24 13:46:39.835773
115,RP Pro Services,Mission Support Program Analyst,https://himalayas.app/companies/rp-pro-services/jobs/mission-support-program-analyst,US,USD,100000,124000,2024-04-24 13:46:39.835773
116,VSP Vision,Marketing Analytics Specialist,https://himalayas.app/companies/vsp-vision/jobs/marketing-analytics-specialist,CA,USD,51000,86000,2024-04-24 13:46:39.835773
117,Cotiviti,Senior Software Engineer - Retail,https://himalayas.app/companies/cotiviti/jobs/senior-software-engineer-retail,US,USD,105000,140000,2024-04-24 13:46:39.835773
118,Perficient,React Developer - Remote,https://himalayas.app/companies/perficient/jobs/react-developer-remote,US,USD,46000,102000,2024-04-24 13:46:39.835773
119,Helm.ai,Data Labeling Manager,https://himalayas.app/companies/helm-ai/jobs/data-labeling-manager,US,USD,60000,60000,2024-04-24 13:46:39.835773
120,GOAT Group,Senior Data Engineer II,https://himalayas.app/companies/goat-group/jobs/senior-data-engineer-ii,US,USD,216000,216000,2024-04-24 13:46:39.835773
121,Perficient,Healthcare Data Modeler/Data Architect - REMOTE,https://himalayas.app/companies/perficient/jobs/healthcare-data-modeler-data-architect-remote,US,USD,82000,178000,2024-04-24 13:46:39.835773
122,Chapter,Medicare Advisor- Remote/ Charlotte,https://himalayas.app/companies/chapter/jobs/medicare-advisor-remote-charlotte-5087360176,US,USD,52000,140000,2024-04-24 13:46:39.835773
123,Providence,Accounts Receivable Representative *Remote*,https://himalayas.app/companies/providence/jobs/accounts-receivable-representative-remote-2536073445,US,USD,17000,37000,2024-04-24 13:46:39.835773
124,linkedout,Python Developer,https://www.linkedout.com/,Remote,USD,100000,750000,2024-04-26 03:00:54.417629
125,linkedout,JavaScript Developer,https://www.linkedout.com/,Remote,USD,100000,650000,2024-04-26 03:10:24.226876
